query_id,anchor_id,cohort_label,icd_codes,ops_filter,diagnosis_position,department,data_year,stratifier,priority,strat_priority,status,N_result,query_datetime,notes
Q001,A1,Principal D32.0 (primary epidemiological cohort),D32.0,,principal,,2019,summary,core,core,pending,,,
Q002,A1,Principal D32.0 (primary epidemiological cohort),D32.0,,principal,,2020,summary,core,core,pending,,,
Q003,A1,Principal D32.0 (primary epidemiological cohort),D32.0,,principal,,2021,summary,core,core,pending,,,
Q004,A1,Principal D32.0 (primary epidemiological cohort),D32.0,,principal,,2022,summary,core,core,pending,,,
Q005,A1,Principal D32.0 (primary epidemiological cohort),D32.0,,principal,,2023,summary,core,core,pending,,,
Q006,A1,Principal D32.0 (primary epidemiological cohort),D32.0,,principal,,2024,summary,core,core,pending,,,
Q007,A1,Principal D32.0 (primary epidemiological cohort),D32.0,,principal,,2019,sex,core,core,pending,,,
Q008,A1,Principal D32.0 (primary epidemiological cohort),D32.0,,principal,,2020,sex,core,core,pending,,,
Q009,A1,Principal D32.0 (primary epidemiological cohort),D32.0,,principal,,2021,sex,core,core,pending,,,
Q010,A1,Principal D32.0 (primary epidemiological cohort),D32.0,,principal,,2022,sex,core,core,pending,,,
Q011,A1,Principal D32.0 (primary epidemiological cohort),D32.0,,principal,,2023,sex,core,core,pending,,,
Q012,A1,Principal D32.0 (primary epidemiological cohort),D32.0,,principal,,2024,sex,core,core,pending,,,
Q013,A1,Principal D32.0 (primary epidemiological cohort),D32.0,,principal,,2019,age_band,core,core,pending,,,
Q014,A1,Principal D32.0 (primary epidemiological cohort),D32.0,,principal,,2020,age_band,core,core,pending,,,
Q015,A1,Principal D32.0 (primary epidemiological cohort),D32.0,,principal,,2021,age_band,core,core,pending,,,
Q016,A1,Principal D32.0 (primary epidemiological cohort),D32.0,,principal,,2022,age_band,core,core,pending,,,
Q017,A1,Principal D32.0 (primary epidemiological cohort),D32.0,,principal,,2023,age_band,core,core,pending,,,
Q018,A1,Principal D32.0 (primary epidemiological cohort),D32.0,,principal,,2024,age_band,core,core,pending,,,
Q019,A1,Principal D32.0 (primary epidemiological cohort),D32.0,,principal,,2019,los_band,core,core,pending,,,
Q020,A1,Principal D32.0 (primary epidemiological cohort),D32.0,,principal,,2020,los_band,core,core,pending,,,
Q021,A1,Principal D32.0 (primary epidemiological cohort),D32.0,,principal,,2021,los_band,core,core,pending,,,
Q022,A1,Principal D32.0 (primary epidemiological cohort),D32.0,,principal,,2022,los_band,core,core,pending,,,
Q023,A1,Principal D32.0 (primary epidemiological cohort),D32.0,,principal,,2023,los_band,core,core,pending,,,
Q024,A1,Principal D32.0 (primary epidemiological cohort),D32.0,,principal,,2024,los_band,core,core,pending,,,
Q025,A1,Principal D32.0 (primary epidemiological cohort),D32.0,,principal,,2019,discharge_reason,core,core,pending,,,
Q026,A1,Principal D32.0 (primary epidemiological cohort),D32.0,,principal,,2020,discharge_reason,core,core,pending,,,
Q027,A1,Principal D32.0 (primary epidemiological cohort),D32.0,,principal,,2021,discharge_reason,core,core,pending,,,
Q028,A1,Principal D32.0 (primary epidemiological cohort),D32.0,,principal,,2022,discharge_reason,core,core,pending,,,
Q029,A1,Principal D32.0 (primary epidemiological cohort),D32.0,,principal,,2023,discharge_reason,core,core,pending,,,
Q030,A1,Principal D32.0 (primary epidemiological cohort),D32.0,,principal,,2024,discharge_reason,core,core,pending,,,
Q031,A1,Principal D32.0 (primary epidemiological cohort),D32.0,,principal,,2019,ops_distribution,core,core,pending,,,
Q032,A1,Principal D32.0 (primary epidemiological cohort),D32.0,,principal,,2020,ops_distribution,core,core,pending,,,
Q033,A1,Principal D32.0 (primary epidemiological cohort),D32.0,,principal,,2021,ops_distribution,core,core,pending,,,
Q034,A1,Principal D32.0 (primary epidemiological cohort),D32.0,,principal,,2022,ops_distribution,core,core,pending,,,
Q035,A1,Principal D32.0 (primary epidemiological cohort),D32.0,,principal,,2023,ops_distribution,core,core,pending,,,
Q036,A1,Principal D32.0 (primary epidemiological cohort),D32.0,,principal,,2024,ops_distribution,core,core,pending,,,
Q037,A1,Principal D32.0 (primary epidemiological cohort),D32.0,,principal,,2019,drg_distribution,core,secondary,pending,,,
Q038,A1,Principal D32.0 (primary epidemiological cohort),D32.0,,principal,,2020,drg_distribution,core,secondary,pending,,,
Q039,A1,Principal D32.0 (primary epidemiological cohort),D32.0,,principal,,2021,drg_distribution,core,secondary,pending,,,
Q040,A1,Principal D32.0 (primary epidemiological cohort),D32.0,,principal,,2022,drg_distribution,core,secondary,pending,,,
Q041,A1,Principal D32.0 (primary epidemiological cohort),D32.0,,principal,,2023,drg_distribution,core,secondary,pending,,,
Q042,A1,Principal D32.0 (primary epidemiological cohort),D32.0,,principal,,2024,drg_distribution,core,secondary,pending,,,
Q043,A1,Principal D32.0 (primary epidemiological cohort),D32.0,,principal,,2019,pccl,core,secondary,pending,,,
Q044,A1,Principal D32.0 (primary epidemiological cohort),D32.0,,principal,,2020,pccl,core,secondary,pending,,,
Q045,A1,Principal D32.0 (primary epidemiological cohort),D32.0,,principal,,2021,pccl,core,secondary,pending,,,
Q046,A1,Principal D32.0 (primary epidemiological cohort),D32.0,,principal,,2022,pccl,core,secondary,pending,,,
Q047,A1,Principal D32.0 (primary epidemiological cohort),D32.0,,principal,,2023,pccl,core,secondary,pending,,,
Q048,A1,Principal D32.0 (primary epidemiological cohort),D32.0,,principal,,2024,pccl,core,secondary,pending,,,
Q049,A1,Principal D32.0 (primary epidemiological cohort),D32.0,,principal,,2019,hospital_bedsize,core,secondary,pending,,,
Q050,A1,Principal D32.0 (primary epidemiological cohort),D32.0,,principal,,2020,hospital_bedsize,core,secondary,pending,,,
Q051,A1,Principal D32.0 (primary epidemiological cohort),D32.0,,principal,,2021,hospital_bedsize,core,secondary,pending,,,
Q052,A1,Principal D32.0 (primary epidemiological cohort),D32.0,,principal,,2022,hospital_bedsize,core,secondary,pending,,,
Q053,A1,Principal D32.0 (primary epidemiological cohort),D32.0,,principal,,2023,hospital_bedsize,core,secondary,pending,,,
Q054,A1,Principal D32.0 (primary epidemiological cohort),D32.0,,principal,,2024,hospital_bedsize,core,secondary,pending,,,
Q055,A2,Principal-or-secondary D32.0 (hospital-contact burden; sensitivity),D32.0,,principal_or_secondary,,2019,summary,secondary,core,pending,,,
Q056,A2,Principal-or-secondary D32.0 (hospital-contact burden; sensitivity),D32.0,,principal_or_secondary,,2020,summary,secondary,core,pending,,,
Q057,A2,Principal-or-secondary D32.0 (hospital-contact burden; sensitivity),D32.0,,principal_or_secondary,,2021,summary,secondary,core,pending,,,
Q058,A2,Principal-or-secondary D32.0 (hospital-contact burden; sensitivity),D32.0,,principal_or_secondary,,2022,summary,secondary,core,pending,,,
Q059,A2,Principal-or-secondary D32.0 (hospital-contact burden; sensitivity),D32.0,,principal_or_secondary,,2023,summary,secondary,core,pending,,,
Q060,A2,Principal-or-secondary D32.0 (hospital-contact burden; sensitivity),D32.0,,principal_or_secondary,,2024,summary,secondary,core,pending,,,
Q061,A2,Principal-or-secondary D32.0 (hospital-contact burden; sensitivity),D32.0,,principal_or_secondary,,2019,sex,secondary,core,pending,,,
Q062,A2,Principal-or-secondary D32.0 (hospital-contact burden; sensitivity),D32.0,,principal_or_secondary,,2020,sex,secondary,core,pending,,,
Q063,A2,Principal-or-secondary D32.0 (hospital-contact burden; sensitivity),D32.0,,principal_or_secondary,,2021,sex,secondary,core,pending,,,
Q064,A2,Principal-or-secondary D32.0 (hospital-contact burden; sensitivity),D32.0,,principal_or_secondary,,2022,sex,secondary,core,pending,,,
Q065,A2,Principal-or-secondary D32.0 (hospital-contact burden; sensitivity),D32.0,,principal_or_secondary,,2023,sex,secondary,core,pending,,,
Q066,A2,Principal-or-secondary D32.0 (hospital-contact burden; sensitivity),D32.0,,principal_or_secondary,,2024,sex,secondary,core,pending,,,
Q067,A2,Principal-or-secondary D32.0 (hospital-contact burden; sensitivity),D32.0,,principal_or_secondary,,2019,age_band,secondary,core,pending,,,
Q068,A2,Principal-or-secondary D32.0 (hospital-contact burden; sensitivity),D32.0,,principal_or_secondary,,2020,age_band,secondary,core,pending,,,
Q069,A2,Principal-or-secondary D32.0 (hospital-contact burden; sensitivity),D32.0,,principal_or_secondary,,2021,age_band,secondary,core,pending,,,
Q070,A2,Principal-or-secondary D32.0 (hospital-contact burden; sensitivity),D32.0,,principal_or_secondary,,2022,age_band,secondary,core,pending,,,
Q071,A2,Principal-or-secondary D32.0 (hospital-contact burden; sensitivity),D32.0,,principal_or_secondary,,2023,age_band,secondary,core,pending,,,
Q072,A2,Principal-or-secondary D32.0 (hospital-contact burden; sensitivity),D32.0,,principal_or_secondary,,2024,age_band,secondary,core,pending,,,
Q073,A3,Principal D32.0 AND primary operative phenotype (5-015.3/.4),D32.0,5-015.3+5-015.4,principal,,2019,summary,core,core,pending,,,
Q074,A3,Principal D32.0 AND primary operative phenotype (5-015.3/.4),D32.0,5-015.3+5-015.4,principal,,2020,summary,core,core,pending,,,
Q075,A3,Principal D32.0 AND primary operative phenotype (5-015.3/.4),D32.0,5-015.3+5-015.4,principal,,2021,summary,core,core,pending,,,
Q076,A3,Principal D32.0 AND primary operative phenotype (5-015.3/.4),D32.0,5-015.3+5-015.4,principal,,2022,summary,core,core,pending,,,
Q077,A3,Principal D32.0 AND primary operative phenotype (5-015.3/.4),D32.0,5-015.3+5-015.4,principal,,2023,summary,core,core,pending,,,
Q078,A3,Principal D32.0 AND primary operative phenotype (5-015.3/.4),D32.0,5-015.3+5-015.4,principal,,2024,summary,core,core,pending,,,
Q079,A3,Principal D32.0 AND primary operative phenotype (5-015.3/.4),D32.0,5-015.3+5-015.4,principal,,2019,sex,core,core,pending,,,
Q080,A3,Principal D32.0 AND primary operative phenotype (5-015.3/.4),D32.0,5-015.3+5-015.4,principal,,2020,sex,core,core,pending,,,
Q081,A3,Principal D32.0 AND primary operative phenotype (5-015.3/.4),D32.0,5-015.3+5-015.4,principal,,2021,sex,core,core,pending,,,
Q082,A3,Principal D32.0 AND primary operative phenotype (5-015.3/.4),D32.0,5-015.3+5-015.4,principal,,2022,sex,core,core,pending,,,
Q083,A3,Principal D32.0 AND primary operative phenotype (5-015.3/.4),D32.0,5-015.3+5-015.4,principal,,2023,sex,core,core,pending,,,
Q084,A3,Principal D32.0 AND primary operative phenotype (5-015.3/.4),D32.0,5-015.3+5-015.4,principal,,2024,sex,core,core,pending,,,
Q085,A3,Principal D32.0 AND primary operative phenotype (5-015.3/.4),D32.0,5-015.3+5-015.4,principal,,2019,age_band,core,core,pending,,,
Q086,A3,Principal D32.0 AND primary operative phenotype (5-015.3/.4),D32.0,5-015.3+5-015.4,principal,,2020,age_band,core,core,pending,,,
Q087,A3,Principal D32.0 AND primary operative phenotype (5-015.3/.4),D32.0,5-015.3+5-015.4,principal,,2021,age_band,core,core,pending,,,
Q088,A3,Principal D32.0 AND primary operative phenotype (5-015.3/.4),D32.0,5-015.3+5-015.4,principal,,2022,age_band,core,core,pending,,,
Q089,A3,Principal D32.0 AND primary operative phenotype (5-015.3/.4),D32.0,5-015.3+5-015.4,principal,,2023,age_band,core,core,pending,,,
Q090,A3,Principal D32.0 AND primary operative phenotype (5-015.3/.4),D32.0,5-015.3+5-015.4,principal,,2024,age_band,core,core,pending,,,
Q091,A3,Principal D32.0 AND primary operative phenotype (5-015.3/.4),D32.0,5-015.3+5-015.4,principal,,2019,los_band,core,core,pending,,,
Q092,A3,Principal D32.0 AND primary operative phenotype (5-015.3/.4),D32.0,5-015.3+5-015.4,principal,,2020,los_band,core,core,pending,,,
Q093,A3,Principal D32.0 AND primary operative phenotype (5-015.3/.4),D32.0,5-015.3+5-015.4,principal,,2021,los_band,core,core,pending,,,
Q094,A3,Principal D32.0 AND primary operative phenotype (5-015.3/.4),D32.0,5-015.3+5-015.4,principal,,2022,los_band,core,core,pending,,,
Q095,A3,Principal D32.0 AND primary operative phenotype (5-015.3/.4),D32.0,5-015.3+5-015.4,principal,,2023,los_band,core,core,pending,,,
Q096,A3,Principal D32.0 AND primary operative phenotype (5-015.3/.4),D32.0,5-015.3+5-015.4,principal,,2024,los_band,core,core,pending,,,
Q097,A3,Principal D32.0 AND primary operative phenotype (5-015.3/.4),D32.0,5-015.3+5-015.4,principal,,2019,discharge_reason,core,core,pending,,,
Q098,A3,Principal D32.0 AND primary operative phenotype (5-015.3/.4),D32.0,5-015.3+5-015.4,principal,,2020,discharge_reason,core,core,pending,,,
Q099,A3,Principal D32.0 AND primary operative phenotype (5-015.3/.4),D32.0,5-015.3+5-015.4,principal,,2021,discharge_reason,core,core,pending,,,
Q100,A3,Principal D32.0 AND primary operative phenotype (5-015.3/.4),D32.0,5-015.3+5-015.4,principal,,2022,discharge_reason,core,core,pending,,,
Q101,A3,Principal D32.0 AND primary operative phenotype (5-015.3/.4),D32.0,5-015.3+5-015.4,principal,,2023,discharge_reason,core,core,pending,,,
Q102,A3,Principal D32.0 AND primary operative phenotype (5-015.3/.4),D32.0,5-015.3+5-015.4,principal,,2024,discharge_reason,core,core,pending,,,
Q103,A3,Principal D32.0 AND primary operative phenotype (5-015.3/.4),D32.0,5-015.3+5-015.4,principal,,2019,ops_distribution,core,core,pending,,,
Q104,A3,Principal D32.0 AND primary operative phenotype (5-015.3/.4),D32.0,5-015.3+5-015.4,principal,,2020,ops_distribution,core,core,pending,,,
Q105,A3,Principal D32.0 AND primary operative phenotype (5-015.3/.4),D32.0,5-015.3+5-015.4,principal,,2021,ops_distribution,core,core,pending,,,
Q106,A3,Principal D32.0 AND primary operative phenotype (5-015.3/.4),D32.0,5-015.3+5-015.4,principal,,2022,ops_distribution,core,core,pending,,,
Q107,A3,Principal D32.0 AND primary operative phenotype (5-015.3/.4),D32.0,5-015.3+5-015.4,principal,,2023,ops_distribution,core,core,pending,,,
Q108,A3,Principal D32.0 AND primary operative phenotype (5-015.3/.4),D32.0,5-015.3+5-015.4,principal,,2024,ops_distribution,core,core,pending,,,
Q109,A4,Principal D32 broad (D32.0+D32.1+D32.9) sensitivity,D32.0+D32.1+D32.9,,principal,,2019,summary,secondary,core,pending,,,
Q110,A4,Principal D32 broad (D32.0+D32.1+D32.9) sensitivity,D32.0+D32.1+D32.9,,principal,,2020,summary,secondary,core,pending,,,
Q111,A4,Principal D32 broad (D32.0+D32.1+D32.9) sensitivity,D32.0+D32.1+D32.9,,principal,,2021,summary,secondary,core,pending,,,
Q112,A4,Principal D32 broad (D32.0+D32.1+D32.9) sensitivity,D32.0+D32.1+D32.9,,principal,,2022,summary,secondary,core,pending,,,
Q113,A4,Principal D32 broad (D32.0+D32.1+D32.9) sensitivity,D32.0+D32.1+D32.9,,principal,,2023,summary,secondary,core,pending,,,
Q114,A4,Principal D32 broad (D32.0+D32.1+D32.9) sensitivity,D32.0+D32.1+D32.9,,principal,,2024,summary,secondary,core,pending,,,
Q115,A4,Principal D32 broad (D32.0+D32.1+D32.9) sensitivity,D32.0+D32.1+D32.9,,principal,,2019,sex,secondary,core,pending,,,
Q116,A4,Principal D32 broad (D32.0+D32.1+D32.9) sensitivity,D32.0+D32.1+D32.9,,principal,,2020,sex,secondary,core,pending,,,
Q117,A4,Principal D32 broad (D32.0+D32.1+D32.9) sensitivity,D32.0+D32.1+D32.9,,principal,,2021,sex,secondary,core,pending,,,
Q118,A4,Principal D32 broad (D32.0+D32.1+D32.9) sensitivity,D32.0+D32.1+D32.9,,principal,,2022,sex,secondary,core,pending,,,
Q119,A4,Principal D32 broad (D32.0+D32.1+D32.9) sensitivity,D32.0+D32.1+D32.9,,principal,,2023,sex,secondary,core,pending,,,
Q120,A4,Principal D32 broad (D32.0+D32.1+D32.9) sensitivity,D32.0+D32.1+D32.9,,principal,,2024,sex,secondary,core,pending,,,
Q121,A4,Principal D32 broad (D32.0+D32.1+D32.9) sensitivity,D32.0+D32.1+D32.9,,principal,,2019,age_band,secondary,core,pending,,,
Q122,A4,Principal D32 broad (D32.0+D32.1+D32.9) sensitivity,D32.0+D32.1+D32.9,,principal,,2020,age_band,secondary,core,pending,,,
Q123,A4,Principal D32 broad (D32.0+D32.1+D32.9) sensitivity,D32.0+D32.1+D32.9,,principal,,2021,age_band,secondary,core,pending,,,
Q124,A4,Principal D32 broad (D32.0+D32.1+D32.9) sensitivity,D32.0+D32.1+D32.9,,principal,,2022,age_band,secondary,core,pending,,,
Q125,A4,Principal D32 broad (D32.0+D32.1+D32.9) sensitivity,D32.0+D32.1+D32.9,,principal,,2023,age_band,secondary,core,pending,,,
Q126,A4,Principal D32 broad (D32.0+D32.1+D32.9) sensitivity,D32.0+D32.1+D32.9,,principal,,2024,age_band,secondary,core,pending,,,
Q127,A4,Principal D32 broad (D32.0+D32.1+D32.9) sensitivity,D32.0+D32.1+D32.9,,principal,,2019,los_band,secondary,core,pending,,,
Q128,A4,Principal D32 broad (D32.0+D32.1+D32.9) sensitivity,D32.0+D32.1+D32.9,,principal,,2020,los_band,secondary,core,pending,,,
Q129,A4,Principal D32 broad (D32.0+D32.1+D32.9) sensitivity,D32.0+D32.1+D32.9,,principal,,2021,los_band,secondary,core,pending,,,
Q130,A4,Principal D32 broad (D32.0+D32.1+D32.9) sensitivity,D32.0+D32.1+D32.9,,principal,,2022,los_band,secondary,core,pending,,,
Q131,A4,Principal D32 broad (D32.0+D32.1+D32.9) sensitivity,D32.0+D32.1+D32.9,,principal,,2023,los_band,secondary,core,pending,,,
Q132,A4,Principal D32 broad (D32.0+D32.1+D32.9) sensitivity,D32.0+D32.1+D32.9,,principal,,2024,los_band,secondary,core,pending,,,
Q133,A4,Principal D32 broad (D32.0+D32.1+D32.9) sensitivity,D32.0+D32.1+D32.9,,principal,,2019,discharge_reason,secondary,core,pending,,,
Q134,A4,Principal D32 broad (D32.0+D32.1+D32.9) sensitivity,D32.0+D32.1+D32.9,,principal,,2020,discharge_reason,secondary,core,pending,,,
Q135,A4,Principal D32 broad (D32.0+D32.1+D32.9) sensitivity,D32.0+D32.1+D32.9,,principal,,2021,discharge_reason,secondary,core,pending,,,
Q136,A4,Principal D32 broad (D32.0+D32.1+D32.9) sensitivity,D32.0+D32.1+D32.9,,principal,,2022,discharge_reason,secondary,core,pending,,,
Q137,A4,Principal D32 broad (D32.0+D32.1+D32.9) sensitivity,D32.0+D32.1+D32.9,,principal,,2023,discharge_reason,secondary,core,pending,,,
Q138,A4,Principal D32 broad (D32.0+D32.1+D32.9) sensitivity,D32.0+D32.1+D32.9,,principal,,2024,discharge_reason,secondary,core,pending,,,
Q139,A4,Principal D32 broad (D32.0+D32.1+D32.9) sensitivity,D32.0+D32.1+D32.9,,principal,,2019,ops_distribution,secondary,core,pending,,,
Q140,A4,Principal D32 broad (D32.0+D32.1+D32.9) sensitivity,D32.0+D32.1+D32.9,,principal,,2020,ops_distribution,secondary,core,pending,,,
Q141,A4,Principal D32 broad (D32.0+D32.1+D32.9) sensitivity,D32.0+D32.1+D32.9,,principal,,2021,ops_distribution,secondary,core,pending,,,
Q142,A4,Principal D32 broad (D32.0+D32.1+D32.9) sensitivity,D32.0+D32.1+D32.9,,principal,,2022,ops_distribution,secondary,core,pending,,,
Q143,A4,Principal D32 broad (D32.0+D32.1+D32.9) sensitivity,D32.0+D32.1+D32.9,,principal,,2023,ops_distribution,secondary,core,pending,,,
Q144,A4,Principal D32 broad (D32.0+D32.1+D32.9) sensitivity,D32.0+D32.1+D32.9,,principal,,2024,ops_distribution,secondary,core,pending,,,
Q145,A5,Principal D32.1 spinal (reported separately),D32.1,,principal,,2019,summary,secondary,core,pending,,,
Q146,A5,Principal D32.1 spinal (reported separately),D32.1,,principal,,2020,summary,secondary,core,pending,,,
Q147,A5,Principal D32.1 spinal (reported separately),D32.1,,principal,,2021,summary,secondary,core,pending,,,
Q148,A5,Principal D32.1 spinal (reported separately),D32.1,,principal,,2022,summary,secondary,core,pending,,,
Q149,A5,Principal D32.1 spinal (reported separately),D32.1,,principal,,2023,summary,secondary,core,pending,,,
Q150,A5,Principal D32.1 spinal (reported separately),D32.1,,principal,,2024,summary,secondary,core,pending,,,
Q151,A5,Principal D32.1 spinal (reported separately),D32.1,,principal,,2019,sex,secondary,core,pending,,,
Q152,A5,Principal D32.1 spinal (reported separately),D32.1,,principal,,2020,sex,secondary,core,pending,,,
Q153,A5,Principal D32.1 spinal (reported separately),D32.1,,principal,,2021,sex,secondary,core,pending,,,
Q154,A5,Principal D32.1 spinal (reported separately),D32.1,,principal,,2022,sex,secondary,core,pending,,,
Q155,A5,Principal D32.1 spinal (reported separately),D32.1,,principal,,2023,sex,secondary,core,pending,,,
Q156,A5,Principal D32.1 spinal (reported separately),D32.1,,principal,,2024,sex,secondary,core,pending,,,
Q157,A5,Principal D32.1 spinal (reported separately),D32.1,,principal,,2019,age_band,secondary,core,pending,,,
Q158,A5,Principal D32.1 spinal (reported separately),D32.1,,principal,,2020,age_band,secondary,core,pending,,,
Q159,A5,Principal D32.1 spinal (reported separately),D32.1,,principal,,2021,age_band,secondary,core,pending,,,
Q160,A5,Principal D32.1 spinal (reported separately),D32.1,,principal,,2022,age_band,secondary,core,pending,,,
Q161,A5,Principal D32.1 spinal (reported separately),D32.1,,principal,,2023,age_band,secondary,core,pending,,,
Q162,A5,Principal D32.1 spinal (reported separately),D32.1,,principal,,2024,age_band,secondary,core,pending,,,
Q163,A5,Principal D32.1 spinal (reported separately),D32.1,,principal,,2019,ops_distribution,secondary,core,pending,,,
Q164,A5,Principal D32.1 spinal (reported separately),D32.1,,principal,,2020,ops_distribution,secondary,core,pending,,,
Q165,A5,Principal D32.1 spinal (reported separately),D32.1,,principal,,2021,ops_distribution,secondary,core,pending,,,
Q166,A5,Principal D32.1 spinal (reported separately),D32.1,,principal,,2022,ops_distribution,secondary,core,pending,,,
Q167,A5,Principal D32.1 spinal (reported separately),D32.1,,principal,,2023,ops_distribution,secondary,core,pending,,,
Q168,A5,Principal D32.1 spinal (reported separately),D32.1,,principal,,2024,ops_distribution,secondary,core,pending,,,
Q169,A6,Principal D32.0 AND skull-base dural resection (operative sensitivity),D32.0,5-016.4+5-016.5,principal,,2019,summary,secondary,core,pending,,,
Q170,A6,Principal D32.0 AND skull-base dural resection (operative sensitivity),D32.0,5-016.4+5-016.5,principal,,2020,summary,secondary,core,pending,,,
Q171,A6,Principal D32.0 AND skull-base dural resection (operative sensitivity),D32.0,5-016.4+5-016.5,principal,,2021,summary,secondary,core,pending,,,
Q172,A6,Principal D32.0 AND skull-base dural resection (operative sensitivity),D32.0,5-016.4+5-016.5,principal,,2022,summary,secondary,core,pending,,,
Q173,A6,Principal D32.0 AND skull-base dural resection (operative sensitivity),D32.0,5-016.4+5-016.5,principal,,2023,summary,secondary,core,pending,,,
Q174,A6,Principal D32.0 AND skull-base dural resection (operative sensitivity),D32.0,5-016.4+5-016.5,principal,,2024,summary,secondary,core,pending,,,
Q175,A6,Principal D32.0 AND skull-base dural resection (operative sensitivity),D32.0,5-016.4+5-016.5,principal,,2019,age_band,secondary,core,pending,,,
Q176,A6,Principal D32.0 AND skull-base dural resection (operative sensitivity),D32.0,5-016.4+5-016.5,principal,,2020,age_band,secondary,core,pending,,,
Q177,A6,Principal D32.0 AND skull-base dural resection (operative sensitivity),D32.0,5-016.4+5-016.5,principal,,2021,age_band,secondary,core,pending,,,
Q178,A6,Principal D32.0 AND skull-base dural resection (operative sensitivity),D32.0,5-016.4+5-016.5,principal,,2022,age_band,secondary,core,pending,,,
Q179,A6,Principal D32.0 AND skull-base dural resection (operative sensitivity),D32.0,5-016.4+5-016.5,principal,,2023,age_band,secondary,core,pending,,,
Q180,A6,Principal D32.0 AND skull-base dural resection (operative sensitivity),D32.0,5-016.4+5-016.5,principal,,2024,age_band,secondary,core,pending,,,
Q181,A6,Principal D32.0 AND skull-base dural resection (operative sensitivity),D32.0,5-016.4+5-016.5,principal,,2019,discharge_reason,secondary,core,pending,,,
Q182,A6,Principal D32.0 AND skull-base dural resection (operative sensitivity),D32.0,5-016.4+5-016.5,principal,,2020,discharge_reason,secondary,core,pending,,,
Q183,A6,Principal D32.0 AND skull-base dural resection (operative sensitivity),D32.0,5-016.4+5-016.5,principal,,2021,discharge_reason,secondary,core,pending,,,
Q184,A6,Principal D32.0 AND skull-base dural resection (operative sensitivity),D32.0,5-016.4+5-016.5,principal,,2022,discharge_reason,secondary,core,pending,,,
Q185,A6,Principal D32.0 AND skull-base dural resection (operative sensitivity),D32.0,5-016.4+5-016.5,principal,,2023,discharge_reason,secondary,core,pending,,,
Q186,A6,Principal D32.0 AND skull-base dural resection (operative sensitivity),D32.0,5-016.4+5-016.5,principal,,2024,discharge_reason,secondary,core,pending,,,
Q187,A7,Principal D42.0 (exploratory behaviour cohort — NOT a grade),D42.0,,principal,,2019,summary,exploratory,core,pending,,,
Q188,A7,Principal D42.0 (exploratory behaviour cohort — NOT a grade),D42.0,,principal,,2020,summary,exploratory,core,pending,,,
Q189,A7,Principal D42.0 (exploratory behaviour cohort — NOT a grade),D42.0,,principal,,2021,summary,exploratory,core,pending,,,
Q190,A7,Principal D42.0 (exploratory behaviour cohort — NOT a grade),D42.0,,principal,,2022,summary,exploratory,core,pending,,,
Q191,A7,Principal D42.0 (exploratory behaviour cohort — NOT a grade),D42.0,,principal,,2023,summary,exploratory,core,pending,,,
Q192,A7,Principal D42.0 (exploratory behaviour cohort — NOT a grade),D42.0,,principal,,2024,summary,exploratory,core,pending,,,
Q193,A7,Principal D42.0 (exploratory behaviour cohort — NOT a grade),D42.0,,principal,,2019,sex,exploratory,core,pending,,,
Q194,A7,Principal D42.0 (exploratory behaviour cohort — NOT a grade),D42.0,,principal,,2020,sex,exploratory,core,pending,,,
Q195,A7,Principal D42.0 (exploratory behaviour cohort — NOT a grade),D42.0,,principal,,2021,sex,exploratory,core,pending,,,
Q196,A7,Principal D42.0 (exploratory behaviour cohort — NOT a grade),D42.0,,principal,,2022,sex,exploratory,core,pending,,,
Q197,A7,Principal D42.0 (exploratory behaviour cohort — NOT a grade),D42.0,,principal,,2023,sex,exploratory,core,pending,,,
Q198,A7,Principal D42.0 (exploratory behaviour cohort — NOT a grade),D42.0,,principal,,2024,sex,exploratory,core,pending,,,
Q199,A7,Principal D42.0 (exploratory behaviour cohort — NOT a grade),D42.0,,principal,,2019,age_band,exploratory,core,pending,,,
Q200,A7,Principal D42.0 (exploratory behaviour cohort — NOT a grade),D42.0,,principal,,2020,age_band,exploratory,core,pending,,,
Q201,A7,Principal D42.0 (exploratory behaviour cohort — NOT a grade),D42.0,,principal,,2021,age_band,exploratory,core,pending,,,
Q202,A7,Principal D42.0 (exploratory behaviour cohort — NOT a grade),D42.0,,principal,,2022,age_band,exploratory,core,pending,,,
Q203,A7,Principal D42.0 (exploratory behaviour cohort — NOT a grade),D42.0,,principal,,2023,age_band,exploratory,core,pending,,,
Q204,A7,Principal D42.0 (exploratory behaviour cohort — NOT a grade),D42.0,,principal,,2024,age_band,exploratory,core,pending,,,
Q205,A7,Principal D42.0 (exploratory behaviour cohort — NOT a grade),D42.0,,principal,,2019,discharge_reason,exploratory,core,pending,,,
Q206,A7,Principal D42.0 (exploratory behaviour cohort — NOT a grade),D42.0,,principal,,2020,discharge_reason,exploratory,core,pending,,,
Q207,A7,Principal D42.0 (exploratory behaviour cohort — NOT a grade),D42.0,,principal,,2021,discharge_reason,exploratory,core,pending,,,
Q208,A7,Principal D42.0 (exploratory behaviour cohort — NOT a grade),D42.0,,principal,,2022,discharge_reason,exploratory,core,pending,,,
Q209,A7,Principal D42.0 (exploratory behaviour cohort — NOT a grade),D42.0,,principal,,2023,discharge_reason,exploratory,core,pending,,,
Q210,A7,Principal D42.0 (exploratory behaviour cohort — NOT a grade),D42.0,,principal,,2024,discharge_reason,exploratory,core,pending,,,
Q211,A7,Principal D42.0 (exploratory behaviour cohort — NOT a grade),D42.0,,principal,,2019,ops_distribution,exploratory,core,pending,,,
Q212,A7,Principal D42.0 (exploratory behaviour cohort — NOT a grade),D42.0,,principal,,2020,ops_distribution,exploratory,core,pending,,,
Q213,A7,Principal D42.0 (exploratory behaviour cohort — NOT a grade),D42.0,,principal,,2021,ops_distribution,exploratory,core,pending,,,
Q214,A7,Principal D42.0 (exploratory behaviour cohort — NOT a grade),D42.0,,principal,,2022,ops_distribution,exploratory,core,pending,,,
Q215,A7,Principal D42.0 (exploratory behaviour cohort — NOT a grade),D42.0,,principal,,2023,ops_distribution,exploratory,core,pending,,,
Q216,A7,Principal D42.0 (exploratory behaviour cohort — NOT a grade),D42.0,,principal,,2024,ops_distribution,exploratory,core,pending,,,
Q217,A8,Principal C70.0 (exploratory behaviour cohort — NOT a grade),C70.0,,principal,,2019,summary,exploratory,core,pending,,,
Q218,A8,Principal C70.0 (exploratory behaviour cohort — NOT a grade),C70.0,,principal,,2020,summary,exploratory,core,pending,,,
Q219,A8,Principal C70.0 (exploratory behaviour cohort — NOT a grade),C70.0,,principal,,2021,summary,exploratory,core,pending,,,
Q220,A8,Principal C70.0 (exploratory behaviour cohort — NOT a grade),C70.0,,principal,,2022,summary,exploratory,core,pending,,,
Q221,A8,Principal C70.0 (exploratory behaviour cohort — NOT a grade),C70.0,,principal,,2023,summary,exploratory,core,pending,,,
Q222,A8,Principal C70.0 (exploratory behaviour cohort — NOT a grade),C70.0,,principal,,2024,summary,exploratory,core,pending,,,
Q223,A8,Principal C70.0 (exploratory behaviour cohort — NOT a grade),C70.0,,principal,,2019,sex,exploratory,core,pending,,,
Q224,A8,Principal C70.0 (exploratory behaviour cohort — NOT a grade),C70.0,,principal,,2020,sex,exploratory,core,pending,,,
Q225,A8,Principal C70.0 (exploratory behaviour cohort — NOT a grade),C70.0,,principal,,2021,sex,exploratory,core,pending,,,
Q226,A8,Principal C70.0 (exploratory behaviour cohort — NOT a grade),C70.0,,principal,,2022,sex,exploratory,core,pending,,,
Q227,A8,Principal C70.0 (exploratory behaviour cohort — NOT a grade),C70.0,,principal,,2023,sex,exploratory,core,pending,,,
Q228,A8,Principal C70.0 (exploratory behaviour cohort — NOT a grade),C70.0,,principal,,2024,sex,exploratory,core,pending,,,
Q229,A8,Principal C70.0 (exploratory behaviour cohort — NOT a grade),C70.0,,principal,,2019,age_band,exploratory,core,pending,,,
Q230,A8,Principal C70.0 (exploratory behaviour cohort — NOT a grade),C70.0,,principal,,2020,age_band,exploratory,core,pending,,,
Q231,A8,Principal C70.0 (exploratory behaviour cohort — NOT a grade),C70.0,,principal,,2021,age_band,exploratory,core,pending,,,
Q232,A8,Principal C70.0 (exploratory behaviour cohort — NOT a grade),C70.0,,principal,,2022,age_band,exploratory,core,pending,,,
Q233,A8,Principal C70.0 (exploratory behaviour cohort — NOT a grade),C70.0,,principal,,2023,age_band,exploratory,core,pending,,,
Q234,A8,Principal C70.0 (exploratory behaviour cohort — NOT a grade),C70.0,,principal,,2024,age_band,exploratory,core,pending,,,
Q235,A8,Principal C70.0 (exploratory behaviour cohort — NOT a grade),C70.0,,principal,,2019,discharge_reason,exploratory,core,pending,,,
Q236,A8,Principal C70.0 (exploratory behaviour cohort — NOT a grade),C70.0,,principal,,2020,discharge_reason,exploratory,core,pending,,,
Q237,A8,Principal C70.0 (exploratory behaviour cohort — NOT a grade),C70.0,,principal,,2021,discharge_reason,exploratory,core,pending,,,
Q238,A8,Principal C70.0 (exploratory behaviour cohort — NOT a grade),C70.0,,principal,,2022,discharge_reason,exploratory,core,pending,,,
Q239,A8,Principal C70.0 (exploratory behaviour cohort — NOT a grade),C70.0,,principal,,2023,discharge_reason,exploratory,core,pending,,,
Q240,A8,Principal C70.0 (exploratory behaviour cohort — NOT a grade),C70.0,,principal,,2024,discharge_reason,exploratory,core,pending,,,
Q241,A8,Principal C70.0 (exploratory behaviour cohort — NOT a grade),C70.0,,principal,,2019,ops_distribution,exploratory,core,pending,,,
Q242,A8,Principal C70.0 (exploratory behaviour cohort — NOT a grade),C70.0,,principal,,2020,ops_distribution,exploratory,core,pending,,,
Q243,A8,Principal C70.0 (exploratory behaviour cohort — NOT a grade),C70.0,,principal,,2021,ops_distribution,exploratory,core,pending,,,
Q244,A8,Principal C70.0 (exploratory behaviour cohort — NOT a grade),C70.0,,principal,,2022,ops_distribution,exploratory,core,pending,,,
Q245,A8,Principal C70.0 (exploratory behaviour cohort — NOT a grade),C70.0,,principal,,2023,ops_distribution,exploratory,core,pending,,,
Q246,A8,Principal C70.0 (exploratory behaviour cohort — NOT a grade),C70.0,,principal,,2024,ops_distribution,exploratory,core,pending,,,
Q247,A9,Principal D32.0 restricted to Neurosurgery (FA 1700) — parallels Kamp 2024,D32.0,,principal,1700,2019,summary,exploratory,core,pending,,,
Q248,A9,Principal D32.0 restricted to Neurosurgery (FA 1700) — parallels Kamp 2024,D32.0,,principal,1700,2020,summary,exploratory,core,pending,,,
Q249,A9,Principal D32.0 restricted to Neurosurgery (FA 1700) — parallels Kamp 2024,D32.0,,principal,1700,2021,summary,exploratory,core,pending,,,
Q250,A9,Principal D32.0 restricted to Neurosurgery (FA 1700) — parallels Kamp 2024,D32.0,,principal,1700,2022,summary,exploratory,core,pending,,,
Q251,A9,Principal D32.0 restricted to Neurosurgery (FA 1700) — parallels Kamp 2024,D32.0,,principal,1700,2023,summary,exploratory,core,pending,,,
Q252,A9,Principal D32.0 restricted to Neurosurgery (FA 1700) — parallels Kamp 2024,D32.0,,principal,1700,2024,summary,exploratory,core,pending,,,
Q253,A9,Principal D32.0 restricted to Neurosurgery (FA 1700) — parallels Kamp 2024,D32.0,,principal,1700,2019,ops_distribution,exploratory,core,pending,,,
Q254,A9,Principal D32.0 restricted to Neurosurgery (FA 1700) — parallels Kamp 2024,D32.0,,principal,1700,2020,ops_distribution,exploratory,core,pending,,,
Q255,A9,Principal D32.0 restricted to Neurosurgery (FA 1700) — parallels Kamp 2024,D32.0,,principal,1700,2021,ops_distribution,exploratory,core,pending,,,
Q256,A9,Principal D32.0 restricted to Neurosurgery (FA 1700) — parallels Kamp 2024,D32.0,,principal,1700,2022,ops_distribution,exploratory,core,pending,,,
Q257,A9,Principal D32.0 restricted to Neurosurgery (FA 1700) — parallels Kamp 2024,D32.0,,principal,1700,2023,ops_distribution,exploratory,core,pending,,,
Q258,A9,Principal D32.0 restricted to Neurosurgery (FA 1700) — parallels Kamp 2024,D32.0,,principal,1700,2024,ops_distribution,exploratory,core,pending,,,
